Expansion Code,Expansion,Game,Name,TCGPlayer ID,Number,Rarity
ASC,ME: Ascended Heroes,Pokemon,Mega Evolution: Ascended Heroes Collection - Erika,666906,,sealed
ASC,ME: Ascended Heroes,Pokemon,Mega Evolution: Ascended Heroes Collection - Larry,666907,,sealed
ASC,ME: Ascended Heroes,Pokemon,Mega Evolution: Ascended Heroes Tech Sticker Collection - Charmander,666908,,sealed
ASC,ME: Ascended Heroes,Pokemon,Mega Evolution: Ascended Heroes Tech Sticker Collection - Gastly,666909,,sealed
ASC,ME: Ascended Heroes,Pokemon,Ascended Heroes Elite Trainer Box,668496,,sealed
ASC,ME: Ascended Heroes,Pokemon,Ascended Heroes Pokemon Center Elite Trainer Box (Exclusive),668497,,sealed
ASC,ME: Ascended Heroes,Pokemon,Ascended Heroes Mini Tins 5-Pack,668530,,sealed
ASC,ME: Ascended Heroes,Pokemon,Ascended Heroes Mini Tin [Pikachu & Tepig],668531,,sealed
ASC,ME: Ascended Heroes,Pokemon,Ascended Heroes Mini Tin [Riolu & Darumaka],668532,,sealed
ASC,ME: Ascended Heroes,Pokemon,Ascended Heroes Mini Tin [Zorua & Cramorant],668533,,sealed
ASC,ME: Ascended Heroes,Pokemon,Ascended Heroes Mini Tin [Togepi & Totodile],668534,,sealed
ASC,ME: Ascended Heroes,Pokemon,Ascended Heroes Mini Tin [Clefairy & Chikorita],668535,,sealed
ASC,ME: Ascended Heroes,Pokemon,Premium Poster Collection: Mega Lucario,668536,,sealed
ASC,ME: Ascended Heroes,Pokemon,Premium Poster Collection: Mega Gardevoir,668537,,sealed
ASC,ME: Ascended Heroes,Pokemon,Ascended Heroes Booster Bundle,668541,,sealed
ASC,ME: Ascended Heroes,Pokemon,Ascended Heroes First Partners Deluxe Pin Collection,672391,,sealed
ASC,ME: Ascended Heroes,Pokemon,Ascended Heroes First Partners Deluxe Pin Collection Case,672392,,sealed
ASC,ME: Ascended Heroes,Pokemon,Ascended Heroes Booster Pack,672434,,sealed
ASC,ME: Ascended Heroes,Pokemon,Ascended Heroes Mega Meganium ex Box,672733,,sealed
ASC,ME: Ascended Heroes,Pokemon,Ascended Heroes Mega Emboar ex Box,672734,,sealed
ASC,ME: Ascended Heroes,Pokemon,Ascended Heroes Mega Feraligatr ex Box,672735,,sealed
ASC,ME: Ascended Heroes,Pokemon,Ascended Heroes Mega ex Boxes Case,672737,,sealed
ASC,ME: Ascended Heroes,Pokemon,Erika's Oddish,675813,001/217,Common
ASC,ME: Ascended Heroes,Pokemon,Erika's Gloom,675814,002/217,Uncommon
ASC,ME: Ascended Heroes,Pokemon,Erika's Vileplume ex,675815,003/217,Double Rare
ASC,ME: Ascended Heroes,Pokemon,Erika's Bellsprout,675816,004/217,Common
ASC,ME: Ascended Heroes,Pokemon,Erika's Weepinbell,675817,005/217,Uncommon
ASC,ME: Ascended Heroes,Pokemon,Erika's Victreebel,675818,006/217,Rare
ASC,ME: Ascended Heroes,Pokemon,Erika's Tangela,675819,007/217,Common
ASC,ME: Ascended Heroes,Pokemon,Chikorita,675820,008/217,Common
ASC,ME: Ascended Heroes,Pokemon,Bayleef,675821,009/217,Uncommon
ASC,ME: Ascended Heroes,Pokemon,Mega Meganium ex,675822,010/217,Double Rare
ASC,ME: Ascended Heroes,Pokemon,Wurmple,675823,011/217,Common
ASC,ME: Ascended Heroes,Pokemon,Silcoon,675824,012/217,Common
ASC,ME: Ascended Heroes,Pokemon,Beautifly,675825,013/217,Uncommon
ASC,ME: Ascended Heroes,Pokemon,Cascoon,675826,014/217,Common
ASC,ME: Ascended Heroes,Pokemon,Dustox,675827,015/217,Uncommon
ASC,ME: Ascended Heroes,Pokemon,Budew,675828,016/217,Common
ASC,ME: Ascended Heroes,Pokemon,Grubbin,675829,017/217,Common
ASC,ME: Ascended Heroes,Pokemon,Team Rocket's Tarountula,675830,018/217,Common
ASC,ME: Ascended Heroes,Pokemon,Team Rocket's Spidops,675831,019/217,Rare
ASC,ME: Ascended Heroes,Pokemon,Charmander,675832,020/217,Common
ASC,ME: Ascended Heroes,Pokemon,Charmeleon,675833,021/217,Uncommon
ASC,ME: Ascended Heroes,Pokemon,Mega Charizard Y ex,675834,022/217,Double Rare
ASC,ME: Ascended Heroes,Pokemon,Ethan's Slugma,675835,023/217,Common
ASC,ME: Ascended Heroes,Pokemon,Ethan's Magcargo,675836,024/217,Rare
ASC,ME: Ascended Heroes,Pokemon,Entei,675837,025/217,Rare
ASC,ME: Ascended Heroes,Pokemon,Ethan's Ho-Oh ex,675838,026/217,Double Rare
ASC,ME: Ascended Heroes,Pokemon,Numel,675839,027/217,Common
ASC,ME: Ascended Heroes,Pokemon,Camerupt,675840,028/217,Uncommon
ASC,ME: Ascended Heroes,Pokemon,Tepig,675841,029/217,Common
ASC,ME: Ascended Heroes,Pokemon,Pignite,675842,030/217,Uncommon
ASC,ME: Ascended Heroes,Pokemon,Mega Emboar ex,675843,031/217,Double Rare
ASC,ME: Ascended Heroes,Pokemon,N's Darumaka,675844,032/217,Common
ASC,ME: Ascended Heroes,Pokemon,N's Darmanitan,675845,033/217,Uncommon
ASC,ME: Ascended Heroes,Pokemon,Salandit,675846,034/217,Common
ASC,ME: Ascended Heroes,Pokemon,Salazzle,675847,035/217,Uncommon
ASC,ME: Ascended Heroes,Pokemon,Scorbunny,675848,036/217,Common
ASC,ME: Ascended Heroes,Pokemon,Raboot,675849,037/217,Common
ASC,ME: Ascended Heroes,Pokemon,Cinderace ex,675850,038/217,Double Rare
ASC,ME: Ascended Heroes,Pokemon,Psyduck,675851,039/217,Common
ASC,ME: Ascended Heroes,Pokemon,Golduck,675852,040/217,Uncommon
ASC,ME: Ascended Heroes,Pokemon,Totodile,675853,041/217,Common
ASC,ME: Ascended Heroes,Pokemon,Croconaw,675854,042/217,Uncommon
ASC,ME: Ascended Heroes,Pokemon,Mega Feraligatr ex,675855,043/217,Double Rare
ASC,ME: Ascended Heroes,Pokemon,Sneasel,675856,044/217,Common
ASC,ME: Ascended Heroes,Pokemon,Weavile,675857,045/217,Uncommon
ASC,ME: Ascended Heroes,Pokemon,Snorunt,675858,046/217,Common
ASC,ME: Ascended Heroes,Pokemon,Mega Froslass ex,675859,047/217,Double Rare
ASC,ME: Ascended Heroes,Pokemon,Regice ex,675860,048/217,Double Rare
ASC,ME: Ascended Heroes,Pokemon,N's Vanillite,675861,049/217,Common
ASC,ME: Ascended Heroes,Pokemon,N's Vanillish,675862,050/217,Common
ASC,ME: Ascended Heroes,Pokemon,N's Vanilluxe,675863,051/217,Uncommon
ASC,ME: Ascended Heroes,Pokemon,Snom,675864,052/217,Common
ASC,ME: Ascended Heroes,Pokemon,Frosmoth,675865,053/217,Uncommon
ASC,ME: Ascended Heroes,Pokemon,Glastrier,675866,054/217,Uncommon
ASC,ME: Ascended Heroes,Pokemon,Pikachu,675867,055/217,Common
ASC,ME: Ascended Heroes,Pokemon,Raichu,675868,056/217,Uncommon
ASC,ME: Ascended Heroes,Pokemon,Pikachu ex,675869,057/217,Double Rare
ASC,ME: Ascended Heroes,Pokemon,Voltorb ex,675870,058/217,Double Rare
ASC,ME: Ascended Heroes,Pokemon,Tynamo,675871,059/217,Common
ASC,ME: Ascended Heroes,Pokemon,Eelektrik,675872,060/217,Uncommon
ASC,ME: Ascended Heroes,Pokemon,Mega Eelektross ex,675873,061/217,Double Rare
ASC,ME: Ascended Heroes,Pokemon,Stunfisk,675874,062/217,Common
ASC,ME: Ascended Heroes,Pokemon,Helioptile,675875,063/217,Common
ASC,ME: Ascended Heroes,Pokemon,Heliolisk,675876,064/217,Uncommon
ASC,ME: Ascended Heroes,Pokemon,Charjabug,675877,065/217,Common
ASC,ME: Ascended Heroes,Pokemon,Vikavolt,675878,066/217,Uncommon
ASC,ME: Ascended Heroes,Pokemon,Tapu Koko,675879,067/217,Rare
ASC,ME: Ascended Heroes,Pokemon,Hop's Pincurchin ex,675880,068/217,Double Rare
ASC,ME: Ascended Heroes,Pokemon,Iono's Tadbulb,675881,069/217,Common
ASC,ME: Ascended Heroes,Pokemon,Iono's Bellibolt ex,675882,070/217,Double Rare
ASC,ME: Ascended Heroes,Pokemon,Iono's Wattrel,675883,071/217,Common
ASC,ME: Ascended Heroes,Pokemon,Iono's Kilowattrel,675884,072/217,Rare
ASC,ME: Ascended Heroes,Pokemon,Miraidon ex,675885,073/217,Double Rare
ASC,ME: Ascended Heroes,Pokemon,Clefairy,675886,074/217,Common
ASC,ME: Ascended Heroes,Pokemon,Clefable,675887,075/217,Uncommon
ASC,ME: Ascended Heroes,Pokemon,Lillie's Clefairy ex,675888,076/217,Double Rare
ASC,ME: Ascended Heroes,Pokemon,Team Rocket's Exeggcute,675889,077/217,Common
ASC,ME: Ascended Heroes,Pokemon,Team Rocket's Exeggutor,675890,078/217,Rare
ASC,ME: Ascended Heroes,Pokemon,Team Rocket's Mewtwo ex,675891,079/217,Double Rare
ASC,ME: Ascended Heroes,Pokemon,Togepi,675892,080/217,Common
ASC,ME: Ascended Heroes,Pokemon,Togetic,675893,081/217,Common
ASC,ME: Ascended Heroes,Pokemon,Togekiss,675894,082/217,Rare
ASC,ME: Ascended Heroes,Pokemon,Marill,675895,083/217,Common
ASC,ME: Ascended Heroes,Pokemon,Azumarill ex,675896,084/217,Double Rare
ASC,ME: Ascended Heroes,Pokemon,Misdreavus,675897,085/217,Common
ASC,ME: Ascended Heroes,Pokemon,Mismagius,675898,086/217,Rare
ASC,ME: Ascended Heroes,Pokemon,Ralts,675899,087/217,Common
ASC,ME: Ascended Heroes,Pokemon,Kirlia,675900,088/217,Common
ASC,ME: Ascended Heroes,Pokemon,Mega Gardevoir ex,675901,089/217,Double Rare
ASC,ME: Ascended Heroes,Pokemon,Shuppet,675902,090/217,Common
ASC,ME: Ascended Heroes,Pokemon,Banette,675903,091/217,Uncommon
ASC,ME: Ascended Heroes,Pokemon,Rotom,675904,092/217,Common
ASC,ME: Ascended Heroes,Pokemon,Swirlix,675905,093/217,Common
ASC,ME: Ascended Heroes,Pokemon,Slurpuff,675906,094/217,Uncommon
ASC,ME: Ascended Heroes,Pokemon,Hop's Phantump,675907,095/217,Common
ASC,ME: Ascended Heroes,Pokemon,Hop's Trevenant,675908,096/217,Rare
ASC,ME: Ascended Heroes,Pokemon,Team Rocket's Mimikyu,675909,097/217,Uncommon
ASC,ME: Ascended Heroes,Pokemon,Spectrier,675910,098/217,Rare
ASC,ME: Ascended Heroes,Pokemon,Munkidori,675911,099/217,Rare
ASC,ME: Ascended Heroes,Pokemon,Team Rocket's Diglett,675912,100/217,Common
ASC,ME: Ascended Heroes,Pokemon,Team Rocket's Dugtrio,675913,101/217,Uncommon
ASC,ME: Ascended Heroes,Pokemon,Hitmontop,675914,102/217,Common
ASC,ME: Ascended Heroes,Pokemon,Meditite,675915,103/217,Common
ASC,ME: Ascended Heroes,Pokemon,Medicham,675916,104/217,Common
ASC,ME: Ascended Heroes,Pokemon,Lunatone,675917,105/217,Rare
ASC,ME: Ascended Heroes,Pokemon,Solrock,675918,106/217,Uncommon
ASC,ME: Ascended Heroes,Pokemon,Regirock ex,675919,107/217,Double Rare
ASC,ME: Ascended Heroes,Pokemon,Groudon,675920,108/217,Rare
ASC,ME: Ascended Heroes,Pokemon,Cynthia's Gible,675921,109/217,Common
ASC,ME: Ascended Heroes,Pokemon,Cynthia's Gabite,675922,110/217,Uncommon
ASC,ME: Ascended Heroes,Pokemon,Cynthia's Garchomp ex,675923,111/217,Double Rare
ASC,ME: Ascended Heroes,Pokemon,Riolu,675924,112/217,Common
ASC,ME: Ascended Heroes,Pokemon,Mega Lucario ex,675925,113/217,Double Rare
ASC,ME: Ascended Heroes,Pokemon,Stunfisk ex,675926,114/217,Double Rare
ASC,ME: Ascended Heroes,Pokemon,Pancham,675927,115/217,Common
ASC,ME: Ascended Heroes,Pokemon,Mega Hawlucha ex,675928,116/217,Double Rare
ASC,ME: Ascended Heroes,Pokemon,Carbink,675929,117/217,Uncommon
ASC,ME: Ascended Heroes,Pokemon,Rolycoly,675930,118/217,Common
ASC,ME: Ascended Heroes,Pokemon,Carkol,675931,119/217,Common
ASC,ME: Ascended Heroes,Pokemon,Coalossal,675932,120/217,Rare
ASC,ME: Ascended Heroes,Pokemon,Koraidon ex,675933,121/217,Double Rare
ASC,ME: Ascended Heroes,Pokemon,Okidogi,675934,122/217,Rare
ASC,ME: Ascended Heroes,Pokemon,Gastly,675935,123/217,Common
ASC,ME: Ascended Heroes,Pokemon,Haunter,675936,124/217,Uncommon
ASC,ME: Ascended Heroes,Pokemon,Mega Gengar ex,675937,125/217,Double Rare
ASC,ME: Ascended Heroes,Pokemon,Team Rocket's Murkrow,675938,126/217,Common
ASC,ME: Ascended Heroes,Pokemon,Team Rocket's Honchkrow,675939,127/217,Rare
ASC,ME: Ascended Heroes,Pokemon,Poochyena,675940,128/217,Common
ASC,ME: Ascended Heroes,Pokemon,Mightyena,675941,129/217,Uncommon
ASC,ME: Ascended Heroes,Pokemon,Galarian Zigzagoon,675942,130/217,Common
ASC,ME: Ascended Heroes,Pokemon,Galarian Linoone,675943,131/217,Common
ASC,ME: Ascended Heroes,Pokemon,Galarian Obstagoon,675944,132/217,Uncommon
ASC,ME: Ascended Heroes,Pokemon,Cynthia's Spiritomb,675945,133/217,Uncommon
ASC,ME: Ascended Heroes,Pokemon,Scraggy,675946,134/217,Common
ASC,ME: Ascended Heroes,Pokemon,Mega Scrafty ex,675947,135/217,Double Rare
ASC,ME: Ascended Heroes,Pokemon,N's Zorua,675948,136/217,Common
ASC,ME: Ascended Heroes,Pokemon,N's Zoroark ex,675949,137/217,Double Rare
ASC,ME: Ascended Heroes,Pokemon,Vullaby,675950,138/217,Common
ASC,ME: Ascended Heroes,Pokemon,Mandibuzz ex,675951,139/217,Double Rare
ASC,ME: Ascended Heroes,Pokemon,Pangoro,675952,140/217,Uncommon
ASC,ME: Ascended Heroes,Pokemon,Hoopa,675953,141/217,Rare
ASC,ME: Ascended Heroes,Pokemon,Fezandipiti ex,675954,142/217,Double Rare
ASC,ME: Ascended Heroes,Pokemon,Pecharunt,675955,143/217,Rare
ASC,ME: Ascended Heroes,Pokemon,Mawile,675956,144/217,Uncommon
ASC,ME: Ascended Heroes,Pokemon,Registeel ex,675957,145/217,Double Rare
ASC,ME: Ascended Heroes,Pokemon,Pawniard,675958,146/217,Common
ASC,ME: Ascended Heroes,Pokemon,Bisharp,675959,147/217,Common
ASC,ME: Ascended Heroes,Pokemon,Kingambit,675960,148/217,Rare
ASC,ME: Ascended Heroes,Pokemon,Togedemaru ex,675961,149/217,Double Rare
ASC,ME: Ascended Heroes,Pokemon,Dratini,675962,150/217,Common
ASC,ME: Ascended Heroes,Pokemon,Dragonair,675963,151/217,Uncommon
ASC,ME: Ascended Heroes,Pokemon,Mega Dragonite ex,675964,152/217,Double Rare
ASC,ME: Ascended Heroes,Pokemon,Rayquaza,675965,153/217,Rare
ASC,ME: Ascended Heroes,Pokemon,N's Reshiram,675966,154/217,Rare
ASC,ME: Ascended Heroes,Pokemon,N's Zekrom,675967,155/217,Rare
ASC,ME: Ascended Heroes,Pokemon,Noibat,675968,156/217,Common
ASC,ME: Ascended Heroes,Pokemon,Noivern,675969,157/217,Uncommon
ASC,ME: Ascended Heroes,Pokemon,Dreepy,675970,158/217,Common
ASC,ME: Ascended Heroes,Pokemon,Drakloak,675971,159/217,Common
ASC,ME: Ascended Heroes,Pokemon,Dragapult ex,675972,160/217,Double Rare
ASC,ME: Ascended Heroes,Pokemon,Team Rocket's Meowth,675973,161/217,Common
ASC,ME: Ascended Heroes,Pokemon,Team Rocket's Kangaskhan ex,675974,162/217,Double Rare
ASC,ME: Ascended Heroes,Pokemon,Larry's Dunsparce,675975,163/217,Common
ASC,ME: Ascended Heroes,Pokemon,Larry's Dudunsparce ex,675976,164/217,Double Rare
ASC,ME: Ascended Heroes,Pokemon,Skitty,675977,165/217,Common
ASC,ME: Ascended Heroes,Pokemon,Delcatty,675978,166/217,Uncommon
ASC,ME: Ascended Heroes,Pokemon,Zangoose ex,675979,167/217,Double Rare
ASC,ME: Ascended Heroes,Pokemon,Larry's Starly,675980,168/217,Common
ASC,ME: Ascended Heroes,Pokemon,Larry's Staravia,675981,169/217,Uncommon
ASC,ME: Ascended Heroes,Pokemon,Larry's Staraptor,675982,170/217,Rare
ASC,ME: Ascended Heroes,Pokemon,Fan Rotom,675983,171/217,Common
ASC,ME: Ascended Heroes,Pokemon,Mega Audino ex,675984,172/217,Double Rare
ASC,ME: Ascended Heroes,Pokemon,Larry's Rufflet,675985,173/217,Common
ASC,ME: Ascended Heroes,Pokemon,Larry's Braviary,675986,174/217,Uncommon
ASC,ME: Ascended Heroes,Pokemon,Larry's Komala,675987,175/217,Common
ASC,ME: Ascended Heroes,Pokemon,Drampa,675988,176/217,Uncommon
ASC,ME: Ascended Heroes,Pokemon,Hop's Cramorant,675989,177/217,Uncommon
ASC,ME: Ascended Heroes,Pokemon,Terapagos,675990,178/217,Rare
ASC,ME: Ascended Heroes,Pokemon,Terapagos ex,675991,179/217,Double Rare
ASC,ME: Ascended Heroes,Pokemon,Acerola's Mischief,675992,180/217,Uncommon
ASC,ME: Ascended Heroes,Pokemon,Air Balloon,675993,181/217,Uncommon
ASC,ME: Ascended Heroes,Pokemon,Anthea & Concordia,675994,182/217,Uncommon
ASC,ME: Ascended Heroes,Pokemon,Boss's Orders [Corbeau],675995,183/217,Uncommon
ASC,ME: Ascended Heroes,Pokemon,Buddy-Buddy Poffin,675996,184/217,Common
ASC,ME: Ascended Heroes,Pokemon,Canari,675997,185/217,Uncommon
ASC,ME: Ascended Heroes,Pokemon,Counter Gain,675998,186/217,Common
ASC,ME: Ascended Heroes,Pokemon,Fighting Gong,675999,187/217,Uncommon
ASC,ME: Ascended Heroes,Pokemon,Forest of Vitality,676000,188/217,Uncommon
ASC,ME: Ascended Heroes,Pokemon,Glass Trumpet,676001,189/217,Common
ASC,ME: Ascended Heroes,Pokemon,Iris's Fighting Spirit,676002,190/217,Uncommon
ASC,ME: Ascended Heroes,Pokemon,Light Ball,676003,191/217,Uncommon
ASC,ME: Ascended Heroes,Pokemon,Lillie's Determination,676004,192/217,Uncommon
ASC,ME: Ascended Heroes,Pokemon,Mega Signal,676005,193/217,Common
ASC,ME: Ascended Heroes,Pokemon,Mystery Garden,676006,194/217,Uncommon
ASC,ME: Ascended Heroes,Pokemon,N's PP Up,676007,195/217,Uncommon
ASC,ME: Ascended Heroes,Pokemon,Night Stretcher,676008,196/217,Common
ASC,ME: Ascended Heroes,Pokemon,Nighttime Mine,676009,197/217,Uncommon
ASC,ME: Ascended Heroes,Pokemon,Poke Pad,676010,198/217,Common
ASC,ME: Ascended Heroes,Pokemon,Premium Power Pro,676011,199/217,Uncommon
ASC,ME: Ascended Heroes,Pokemon,Surfer,676012,200/217,Common
ASC,ME: Ascended Heroes,Pokemon,Team Rocket's Archer,676013,201/217,Uncommon
ASC,ME: Ascended Heroes,Pokemon,Team Rocket's Ariana,676014,202/217,Uncommon
ASC,ME: Ascended Heroes,Pokemon,Team Rocket's Factory,676015,203/217,Uncommon
ASC,ME: Ascended Heroes,Pokemon,Team Rocket's Giovanni,676016,204/217,Uncommon
ASC,ME: Ascended Heroes,Pokemon,Team Rocket's Great Ball,676017,205/217,Uncommon
ASC,ME: Ascended Heroes,Pokemon,Team Rocket's Hypnotizer,676018,206/217,Uncommon
ASC,ME: Ascended Heroes,Pokemon,Team Rocket's Petrel,676019,207/217,Uncommon
ASC,ME: Ascended Heroes,Pokemon,Team Rocket's Proton,676020,208/217,Uncommon
ASC,ME: Ascended Heroes,Pokemon,Team Rocket's Transceiver,676021,209/217,Uncommon
ASC,ME: Ascended Heroes,Pokemon,Team Rocket's Watchtower,676022,210/217,Uncommon
ASC,ME: Ascended Heroes,Pokemon,Thick Scale,676023,211/217,Uncommon
ASC,ME: Ascended Heroes,Pokemon,Tool Scrapper,676024,212/217,Common
ASC,ME: Ascended Heroes,Pokemon,Ultra Ball,676025,213/217,Common
ASC,ME: Ascended Heroes,Pokemon,Urbain,676026,214/217,Uncommon
ASC,ME: Ascended Heroes,Pokemon,Waitress,676027,215/217,Common
ASC,ME: Ascended Heroes,Pokemon,Prism Energy,676028,216/217,Uncommon
ASC,ME: Ascended Heroes,Pokemon,Team Rocket's Energy,676029,217/217,Uncommon
ASC,ME: Ascended Heroes,Pokemon,Erika's Tangela,676030,218/217,Illustration Rare
ASC,ME: Ascended Heroes,Pokemon,Beautifly,676031,219/217,Illustration Rare
ASC,ME: Ascended Heroes,Pokemon,Dustox,676032,220/217,Illustration Rare
ASC,ME: Ascended Heroes,Pokemon,Budew,676033,221/217,Illustration Rare
ASC,ME: Ascended Heroes,Pokemon,Ethan's Magcargo,676034,222/217,Illustration Rare
ASC,ME: Ascended Heroes,Pokemon,Numel,676035,223/217,Illustration Rare
ASC,ME: Ascended Heroes,Pokemon,Salazzle,676036,224/217,Illustration Rare
ASC,ME: Ascended Heroes,Pokemon,Scorbunny,676037,225/217,Illustration Rare
ASC,ME: Ascended Heroes,Pokemon,Psyduck,676038,226/217,Illustration Rare
ASC,ME: Ascended Heroes,Pokemon,Snorunt,676039,227/217,Illustration Rare
ASC,ME: Ascended Heroes,Pokemon,Weavile,676040,228/217,Illustration Rare
ASC,ME: Ascended Heroes,Pokemon,Heliolisk,676041,229/217,Illustration Rare
ASC,ME: Ascended Heroes,Pokemon,Vikavolt,676042,230/217,Illustration Rare
ASC,ME: Ascended Heroes,Pokemon,Iono's Wattrel,676043,231/217,Illustration Rare
ASC,ME: Ascended Heroes,Pokemon,Marill,676044,232/217,Illustration Rare
ASC,ME: Ascended Heroes,Pokemon,Misdreavus,676045,233/217,Illustration Rare
ASC,ME: Ascended Heroes,Pokemon,Banette,676046,234/217,Illustration Rare
ASC,ME: Ascended Heroes,Pokemon,Togekiss,676047,235/217,Illustration Rare
ASC,ME: Ascended Heroes,Pokemon,Slurpuff,676048,236/217,Illustration Rare
ASC,ME: Ascended Heroes,Pokemon,Hop's Trevenant,676049,237/217,Illustration Rare
ASC,ME: Ascended Heroes,Pokemon,Team Rocket's Mimikyu,676050,238/217,Illustration Rare
ASC,ME: Ascended Heroes,Pokemon,Team Rocket's Dugtrio,676051,239/217,Illustration Rare
ASC,ME: Ascended Heroes,Pokemon,Hitmontop,676052,240/217,Illustration Rare
ASC,ME: Ascended Heroes,Pokemon,Medicham,676053,241/217,Illustration Rare
ASC,ME: Ascended Heroes,Pokemon,Carbink,676054,242/217,Illustration Rare
ASC,ME: Ascended Heroes,Pokemon,Mightyena,676055,243/217,Illustration Rare
ASC,ME: Ascended Heroes,Pokemon,Cynthia's Spiritomb,676056,244/217,Illustration Rare
ASC,ME: Ascended Heroes,Pokemon,Galarian Obstagoon,676057,245/217,Illustration Rare
ASC,ME: Ascended Heroes,Pokemon,Mawile,676058,246/217,Illustration Rare
ASC,ME: Ascended Heroes,Pokemon,Dreepy,676059,247/217,Illustration Rare
ASC,ME: Ascended Heroes,Pokemon,Drakloak,676060,248/217,Illustration Rare
ASC,ME: Ascended Heroes,Pokemon,Larry's Staraptor,676061,249/217,Illustration Rare
ASC,ME: Ascended Heroes,Pokemon,Fan Rotom,676062,250/217,Illustration Rare
ASC,ME: Ascended Heroes,Pokemon,Sprigatito ex,676063,251/217,Ultra Rare
ASC,ME: Ascended Heroes,Pokemon,Stunfisk ex,676064,252/217,Ultra Rare
ASC,ME: Ascended Heroes,Pokemon,Mega Audino ex,676065,253/217,Ultra Rare
ASC,ME: Ascended Heroes,Pokemon,Anthea & Concordia,676066,254/217,Ultra Rare
ASC,ME: Ascended Heroes,Pokemon,Black Belt's Training,676067,255/217,Ultra Rare
ASC,ME: Ascended Heroes,Pokemon,Boss's Orders [Corbeau],676068,256/217,Ultra Rare
ASC,ME: Ascended Heroes,Pokemon,Canari,676069,257/217,Ultra Rare
ASC,ME: Ascended Heroes,Pokemon,Cheren,676070,258/217,Ultra Rare
ASC,ME: Ascended Heroes,Pokemon,Counter Gain,676071,259/217,Ultra Rare
ASC,ME: Ascended Heroes,Pokemon,Glass Trumpet,676072,260/217,Ultra Rare
ASC,ME: Ascended Heroes,Pokemon,Jamming Tower,676073,261/217,Ultra Rare
ASC,ME: Ascended Heroes,Pokemon,N's PP Up,676074,262/217,Ultra Rare
ASC,ME: Ascended Heroes,Pokemon,Team Rocket's Transceiver,676075,263/217,Ultra Rare
ASC,ME: Ascended Heroes,Pokemon,Ultra Ball,676076,264/217,Ultra Rare
ASC,ME: Ascended Heroes,Pokemon,Mega Froslass ex,676077,265/217,Mega Attack Rare
ASC,ME: Ascended Heroes,Pokemon,Mega Eelektross ex,676078,266/217,Mega Attack Rare
ASC,ME: Ascended Heroes,Pokemon,Mega Diancie ex,676079,267/217,Mega Attack Rare
ASC,ME: Ascended Heroes,Pokemon,Mega Hawlucha ex,676080,268/217,Mega Attack Rare
ASC,ME: Ascended Heroes,Pokemon,Mega Gengar ex,676081,269/217,Mega Attack Rare
ASC,ME: Ascended Heroes,Pokemon,Mega Scrafty ex,676082,270/217,Mega Attack Rare
ASC,ME: Ascended Heroes,Pokemon,Mega Dragonite ex,676083,271/217,Mega Attack Rare
ASC,ME: Ascended Heroes,Pokemon,Mega Meganium ex,676084,272/217,Special Illustration Rare
ASC,ME: Ascended Heroes,Pokemon,Mega Emboar ex,676085,273/217,Special Illustration Rare
ASC,ME: Ascended Heroes,Pokemon,Mega Feraligatr ex,676086,274/217,Special Illustration Rare
ASC,ME: Ascended Heroes,Pokemon,Mega Froslass ex,676087,275/217,Special Illustration Rare
ASC,ME: Ascended Heroes,Pokemon,Pikachu ex,676088,276/217,Special Illustration Rare
ASC,ME: Ascended Heroes,Pokemon,Pikachu ex,676089,277/217,Special Illustration Rare
ASC,ME: Ascended Heroes,Pokemon,Mega Eelektross ex,676090,278/217,Special Illustration Rare
ASC,ME: Ascended Heroes,Pokemon,Iono's Bellibolt ex,676091,279/217,Special Illustration Rare
ASC,ME: Ascended Heroes,Pokemon,Lillie's Clefairy ex,676092,280/217,Special Illustration Rare
ASC,ME: Ascended Heroes,Pokemon,Team Rocket's Mewtwo ex,676093,281/217,Special Illustration Rare
ASC,ME: Ascended Heroes,Pokemon,Mega Diancie ex,676094,282/217,Special Illustration Rare
ASC,ME: Ascended Heroes,Pokemon,Mega Hawlucha ex,676095,283/217,Special Illustration Rare
ASC,ME: Ascended Heroes,Pokemon,Mega Gengar ex,676096,284/217,Special Illustration Rare
ASC,ME: Ascended Heroes,Pokemon,Mega Scrafty ex,676097,285/217,Special Illustration Rare
ASC,ME: Ascended Heroes,Pokemon,N's Zoroark ex,676098,286/217,Special Illustration Rare
ASC,ME: Ascended Heroes,Pokemon,Marnie's Grimmsnarl ex,676099,287/217,Special Illustration Rare
ASC,ME: Ascended Heroes,Pokemon,Fezandipiti ex,676100,288/217,Special Illustration Rare
ASC,ME: Ascended Heroes,Pokemon,Steven's Metagross ex,676101,289/217,Special Illustration Rare
ASC,ME: Ascended Heroes,Pokemon,Mega Dragonite ex,676102,290/217,Special Illustration Rare
ASC,ME: Ascended Heroes,Pokemon,Canari,676103,291/217,Special Illustration Rare
ASC,ME: Ascended Heroes,Pokemon,Iris's Fighting Spirit,676104,292/217,Special Illustration Rare
ASC,ME: Ascended Heroes,Pokemon,Surfer,676105,293/217,Special Illustration Rare
ASC,ME: Ascended Heroes,Pokemon,Mega Charizard Y ex,676106,294/217,Mega Hyper Rare
ASC,ME: Ascended Heroes,Pokemon,Mega Dragonite ex,676107,295/217,Mega Hyper Rare
ASC,ME: Ascended Heroes,Pokemon,Erika's Oddish (Poke Ball),676852,001/217,Common
ASC,ME: Ascended Heroes,Pokemon,Erika's Gloom (Poke Ball),676853,002/217,Uncommon
ASC,ME: Ascended Heroes,Pokemon,Erika's Bellsprout (Poke Ball),676854,004/217,Common
ASC,ME: Ascended Heroes,Pokemon,Erika's Weepinbell (Poke Ball),676855,005/217,Uncommon
ASC,ME: Ascended Heroes,Pokemon,Erika's Victreebel (Poke Ball),676856,006/217,Rare
ASC,ME: Ascended Heroes,Pokemon,Erika's Tangela - 007/217 (Poke Ball),676857,007/217,Common
ASC,ME: Ascended Heroes,Pokemon,Chikorita (Friend Ball),676858,008/217,Common
ASC,ME: Ascended Heroes,Pokemon,Bayleef (Friend Ball),676859,009/217,Uncommon
ASC,ME: Ascended Heroes,Pokemon,Wurmple (Love Ball),676860,011/217,Common
ASC,ME: Ascended Heroes,Pokemon,Silcoon (Love Ball),676861,012/217,Common
ASC,ME: Ascended Heroes,Pokemon,Beautifly - 013/217 (Love Ball),676862,013/217,Uncommon
ASC,ME: Ascended Heroes,Pokemon,Cascoon (Love Ball),676863,014/217,Common
ASC,ME: Ascended Heroes,Pokemon,Dustox - 015/217 (Love Ball),676864,015/217,Uncommon
ASC,ME: Ascended Heroes,Pokemon,Budew - 016/217 (Friend Ball),676865,016/217,Common
ASC,ME: Ascended Heroes,Pokemon,Grubbin (Quick Ball),676866,017/217,Common
ASC,ME: Ascended Heroes,Pokemon,Team Rocket's Tarountula (Team Rocket),676867,018/217,Common
ASC,ME: Ascended Heroes,Pokemon,Team Rocket's Spidops (Team Rocket),676868,019/217,Rare
ASC,ME: Ascended Heroes,Pokemon,Charmander (Friend Ball),676869,020/217,Common
ASC,ME: Ascended Heroes,Pokemon,Charmeleon (Friend Ball),676870,021/217,Uncommon
ASC,ME: Ascended Heroes,Pokemon,Ethan's Slugma (Poke Ball),676871,023/217,Common
ASC,ME: Ascended Heroes,Pokemon,Ethan's Magcargo - 024/217 (Poke Ball),676872,024/217,Rare
ASC,ME: Ascended Heroes,Pokemon,Entei (Quick Ball),676873,025/217,Rare
ASC,ME: Ascended Heroes,Pokemon,Numel - 027/217 (Quick Ball),676874,027/217,Common
ASC,ME: Ascended Heroes,Pokemon,Camerupt (Quick Ball),676875,028/217,Uncommon
ASC,ME: Ascended Heroes,Pokemon,Tepig (Friend Ball),676876,029/217,Common
ASC,ME: Ascended Heroes,Pokemon,Pignite (Friend Ball),676877,030/217,Uncommon
ASC,ME: Ascended Heroes,Pokemon,N's Darumaka (Poke Ball),676878,032/217,Common
ASC,ME: Ascended Heroes,Pokemon,N's Darmanitan (Poke Ball),676879,033/217,Uncommon
ASC,ME: Ascended Heroes,Pokemon,Salandit (Quick Ball),676880,034/217,Common
ASC,ME: Ascended Heroes,Pokemon,Salazzle - 035/217 (Quick Ball),676881,035/217,Uncommon
ASC,ME: Ascended Heroes,Pokemon,Scorbunny - 036/217 (Friend Ball),676882,036/217,Common
ASC,ME: Ascended Heroes,Pokemon,Raboot (Friend Ball),676883,037/217,Common
ASC,ME: Ascended Heroes,Pokemon,Psyduck - 039/217 (Love Ball),676884,039/217,Common
ASC,ME: Ascended Heroes,Pokemon,Golduck (Love Ball),676885,040/217,Uncommon
ASC,ME: Ascended Heroes,Pokemon,Totodile (Friend Ball),676886,041/217,Common
ASC,ME: Ascended Heroes,Pokemon,Croconaw (Friend Ball),676887,042/217,Uncommon
ASC,ME: Ascended Heroes,Pokemon,Sneasel (Dusk Ball),676888,044/217,Common
ASC,ME: Ascended Heroes,Pokemon,Weavile - 045/217 (Dusk Ball),676889,045/217,Uncommon
ASC,ME: Ascended Heroes,Pokemon,Snorunt - 046/217 (Love Ball),676890,046/217,Common
ASC,ME: Ascended Heroes,Pokemon,N's Vanillite (Poke Ball),676891,049/217,Common
ASC,ME: Ascended Heroes,Pokemon,N's Vanillish (Poke Ball),676892,050/217,Common
ASC,ME: Ascended Heroes,Pokemon,N's Vanilluxe (Poke Ball),676893,051/217,Uncommon
ASC,ME: Ascended Heroes,Pokemon,Snom (Friend Ball),676894,052/217,Common
ASC,ME: Ascended Heroes,Pokemon,Frosmoth (Friend Ball),676895,053/217,Uncommon
ASC,ME: Ascended Heroes,Pokemon,Glastrier (Friend Ball),676896,054/217,Uncommon
ASC,ME: Ascended Heroes,Pokemon,Pikachu (Friend Ball),676897,055/217,Common
ASC,ME: Ascended Heroes,Pokemon,Raichu (Friend Ball),676898,056/217,Uncommon
ASC,ME: Ascended Heroes,Pokemon,Tynamo (Quick Ball),676899,059/217,Common
ASC,ME: Ascended Heroes,Pokemon,Eelektrik (Quick Ball),676900,060/217,Uncommon
ASC,ME: Ascended Heroes,Pokemon,Stunfisk (Quick Ball),676901,062/217,Common
ASC,ME: Ascended Heroes,Pokemon,Helioptile (Quick Ball),676902,063/217,Common
ASC,ME: Ascended Heroes,Pokemon,Heliolisk - 064/217 (Quick Ball),676903,064/217,Uncommon
ASC,ME: Ascended Heroes,Pokemon,Charjabug (Quick Ball),676904,065/217,Common
ASC,ME: Ascended Heroes,Pokemon,Vikavolt - 066/217 (Quick Ball),676905,066/217,Uncommon
ASC,ME: Ascended Heroes,Pokemon,Tapu Koko (Quick Ball),676906,067/217,Rare
ASC,ME: Ascended Heroes,Pokemon,Iono's Tadbulb (Poke Ball),676907,069/217,Common
ASC,ME: Ascended Heroes,Pokemon,Iono's Wattrel - 071/217 (Poke Ball),676908,071/217,Common
ASC,ME: Ascended Heroes,Pokemon,Iono's Kilowattrel (Poke Ball),676909,072/217,Rare
ASC,ME: Ascended Heroes,Pokemon,Clefairy (Love Ball),676910,074/217,Common
ASC,ME: Ascended Heroes,Pokemon,Clefable (Love Ball),676911,075/217,Uncommon
ASC,ME: Ascended Heroes,Pokemon,Team Rocket's Exeggcute (Team Rocket),676912,077/217,Common
ASC,ME: Ascended Heroes,Pokemon,Team Rocket's Exeggutor (Team Rocket),676913,078/217,Rare
ASC,ME: Ascended Heroes,Pokemon,Togepi (Love Ball),676914,080/217,Common
ASC,ME: Ascended Heroes,Pokemon,Togetic (Love Ball),676915,081/217,Common
ASC,ME: Ascended Heroes,Pokemon,Togekiss - 082/217 (Love Ball),676916,082/217,Rare
ASC,ME: Ascended Heroes,Pokemon,Marill - 083/217 (Friend Ball),676917,083/217,Common
ASC,ME: Ascended Heroes,Pokemon,Misdreavus - 085/217 (Dusk Ball),676918,085/217,Common
ASC,ME: Ascended Heroes,Pokemon,Mismagius (Dusk Ball),676919,086/217,Rare
ASC,ME: Ascended Heroes,Pokemon,Ralts (Love Ball),676920,087/217,Common
ASC,ME: Ascended Heroes,Pokemon,Kirlia (Love Ball),676921,088/217,Common
ASC,ME: Ascended Heroes,Pokemon,Shuppet (Dusk Ball),676922,090/217,Common
ASC,ME: Ascended Heroes,Pokemon,Banette - 091/217 (Dusk Ball),676923,091/217,Uncommon
ASC,ME: Ascended Heroes,Pokemon,Rotom (Dusk Ball),676924,092/217,Common
ASC,ME: Ascended Heroes,Pokemon,Swirlix (Love Ball),676925,093/217,Common
ASC,ME: Ascended Heroes,Pokemon,Slurpuff - 094/217 (Love Ball),676926,094/217,Uncommon
ASC,ME: Ascended Heroes,Pokemon,Hop's Phantump (Poke Ball),676927,095/217,Common
ASC,ME: Ascended Heroes,Pokemon,Hop's Trevenant - 096/217 (Poke Ball),676928,096/217,Rare
ASC,ME: Ascended Heroes,Pokemon,Team Rocket's Mimikyu - 097/217 (Team Rocket),676929,097/217,Uncommon
ASC,ME: Ascended Heroes,Pokemon,Spectrier (Dusk Ball),676930,098/217,Rare
ASC,ME: Ascended Heroes,Pokemon,Munkidori (Dusk Ball),676931,099/217,Rare
ASC,ME: Ascended Heroes,Pokemon,Team Rocket's Diglett (Team Rocket),676932,100/217,Common
ASC,ME: Ascended Heroes,Pokemon,Team Rocket's Dugtrio - 101/217 (Team Rocket),676933,101/217,Uncommon
ASC,ME: Ascended Heroes,Pokemon,Hitmontop - 102/217 (Dusk Ball),676934,102/217,Common
ASC,ME: Ascended Heroes,Pokemon,Meditite (Quick Ball),676935,103/217,Common
ASC,ME: Ascended Heroes,Pokemon,Medicham - 104/217 (Quick Ball),676936,104/217,Common
ASC,ME: Ascended Heroes,Pokemon,Lunatone (Dusk Ball),676937,105/217,Rare
ASC,ME: Ascended Heroes,Pokemon,Solrock (Dusk Ball),676938,106/217,Uncommon
ASC,ME: Ascended Heroes,Pokemon,Groudon (Dusk Ball),676939,108/217,Rare
ASC,ME: Ascended Heroes,Pokemon,Cynthia's Gible (Poke Ball),676940,109/217,Common
ASC,ME: Ascended Heroes,Pokemon,Cynthia's Gabite (Poke Ball),676941,110/217,Uncommon
ASC,ME: Ascended Heroes,Pokemon,Riolu (Friend Ball),676942,112/217,Common
ASC,ME: Ascended Heroes,Pokemon,Pancham (Love Ball),676943,115/217,Common
ASC,ME: Ascended Heroes,Pokemon,Carbink - 117/217 (Love Ball),676944,117/217,Uncommon
ASC,ME: Ascended Heroes,Pokemon,Rolycoly (Dusk Ball),676945,118/217,Common
ASC,ME: Ascended Heroes,Pokemon,Carkol (Dusk Ball),676946,119/217,Common
ASC,ME: Ascended Heroes,Pokemon,Coalossal (Dusk Ball),676947,120/217,Rare
ASC,ME: Ascended Heroes,Pokemon,Okidogi (Friend Ball),676948,122/217,Rare
ASC,ME: Ascended Heroes,Pokemon,Gastly (Dusk Ball),676949,123/217,Common
ASC,ME: Ascended Heroes,Pokemon,Haunter (Dusk Ball),676950,124/217,Uncommon
ASC,ME: Ascended Heroes,Pokemon,Team Rocket's Murkrow (Team Rocket),676951,126/217,Common
ASC,ME: Ascended Heroes,Pokemon,Team Rocket's Honchkrow (Team Rocket),676952,127/217,Rare
ASC,ME: Ascended Heroes,Pokemon,Poochyena (Dusk Ball),676953,128/217,Common
ASC,ME: Ascended Heroes,Pokemon,Mightyena - 129/217 (Dusk Ball),676954,129/217,Uncommon
ASC,ME: Ascended Heroes,Pokemon,Galarian Zigzagoon (Dusk Ball),676955,130/217,Common
ASC,ME: Ascended Heroes,Pokemon,Galarian Linoone (Dusk Ball),676956,131/217,Common
ASC,ME: Ascended Heroes,Pokemon,Galarian Obstagoon - 132/217 (Dusk Ball),676957,132/217,Uncommon
ASC,ME: Ascended Heroes,Pokemon,Cynthia's Spiritomb - 133/217 (Poke Ball),676958,133/217,Uncommon
ASC,ME: Ascended Heroes,Pokemon,Scraggy (Quick Ball),676959,134/217,Common
ASC,ME: Ascended Heroes,Pokemon,N's Zorua (Poke Ball),676960,136/217,Common
ASC,ME: Ascended Heroes,Pokemon,Vullaby (Dusk Ball),676961,138/217,Common
ASC,ME: Ascended Heroes,Pokemon,Pangoro (Love Ball),676962,140/217,Uncommon
ASC,ME: Ascended Heroes,Pokemon,Hoopa (Poke Ball),676963,141/217,Rare
ASC,ME: Ascended Heroes,Pokemon,Pecharunt (Poke Ball),676964,143/217,Rare
ASC,ME: Ascended Heroes,Pokemon,Mawile - 144/217 (Dusk Ball),676965,144/217,Uncommon
ASC,ME: Ascended Heroes,Pokemon,Pawniard (Quick Ball),676966,146/217,Common
ASC,ME: Ascended Heroes,Pokemon,Bisharp (Quick Ball),676967,147/217,Common
ASC,ME: Ascended Heroes,Pokemon,Kingambit (Quick Ball),676968,148/217,Rare
ASC,ME: Ascended Heroes,Pokemon,Dratini (Love Ball),676969,150/217,Common
ASC,ME: Ascended Heroes,Pokemon,Dragonair (Love Ball),676970,151/217,Uncommon
ASC,ME: Ascended Heroes,Pokemon,Rayquaza (Friend Ball),676971,153/217,Rare
ASC,ME: Ascended Heroes,Pokemon,N's Reshiram (Poke Ball),676972,154/217,Rare
ASC,ME: Ascended Heroes,Pokemon,N's Zekrom (Poke Ball),676973,155/217,Rare
ASC,ME: Ascended Heroes,Pokemon,Noibat (Friend Ball),676974,156/217,Common
ASC,ME: Ascended Heroes,Pokemon,Noivern (Friend Ball),676975,157/217,Uncommon
ASC,ME: Ascended Heroes,Pokemon,Dreepy - 158/217 (Quick Ball),676976,158/217,Common
ASC,ME: Ascended Heroes,Pokemon,Drakloak - 159/217 (Quick Ball),676977,159/217,Common
ASC,ME: Ascended Heroes,Pokemon,Team Rocket's Meowth (Team Rocket),676978,161/217,Common
ASC,ME: Ascended Heroes,Pokemon,Larry's Dunsparce (Poke Ball),676979,163/217,Common
ASC,ME: Ascended Heroes,Pokemon,Skitty (Love Ball),676980,165/217,Common
ASC,ME: Ascended Heroes,Pokemon,Delcatty (Love Ball),676981,166/217,Uncommon
ASC,ME: Ascended Heroes,Pokemon,Larry's Starly (Poke Ball),676982,168/217,Common
ASC,ME: Ascended Heroes,Pokemon,Larry's Staravia (Poke Ball),676983,169/217,Uncommon
ASC,ME: Ascended Heroes,Pokemon,Larry's Staraptor - 170/217 (Poke Ball),676984,170/217,Rare
ASC,ME: Ascended Heroes,Pokemon,Fan Rotom - 171/217 (Dusk Ball),676985,171/217,Common
ASC,ME: Ascended Heroes,Pokemon,Larry's Rufflet (Poke Ball),676986,173/217,Common
ASC,ME: Ascended Heroes,Pokemon,Larry's Braviary (Poke Ball),676987,174/217,Uncommon
ASC,ME: Ascended Heroes,Pokemon,Larry's Komala (Poke Ball),676988,175/217,Common
ASC,ME: Ascended Heroes,Pokemon,Drampa (Friend Ball),676989,176/217,Uncommon
ASC,ME: Ascended Heroes,Pokemon,Hop's Cramorant (Poke Ball),676990,177/217,Uncommon
ASC,ME: Ascended Heroes,Pokemon,Terapagos (Love Ball),676991,178/217,Rare
ASC,ME: Ascended Heroes,Pokemon,Erika's Oddish (Energy Symbol Pattern),676992,001/217,Common
ASC,ME: Ascended Heroes,Pokemon,Erika's Gloom (Energy Symbol Pattern),676993,002/217,Uncommon
ASC,ME: Ascended Heroes,Pokemon,Erika's Bellsprout (Energy Symbol Pattern),676994,004/217,Common
ASC,ME: Ascended Heroes,Pokemon,Erika's Weepinbell (Energy Symbol Pattern),676995,005/217,Uncommon
ASC,ME: Ascended Heroes,Pokemon,Erika's Victreebel (Energy Symbol Pattern),676996,006/217,Rare
ASC,ME: Ascended Heroes,Pokemon,Erika's Tangela - 007/217 (Energy Symbol Pattern),676997,007/217,Common
ASC,ME: Ascended Heroes,Pokemon,Chikorita (Energy Symbol Pattern),676998,008/217,Common
ASC,ME: Ascended Heroes,Pokemon,Bayleef (Energy Symbol Pattern),676999,009/217,Uncommon
ASC,ME: Ascended Heroes,Pokemon,Wurmple (Energy Symbol Pattern),677000,011/217,Common
ASC,ME: Ascended Heroes,Pokemon,Silcoon (Energy Symbol Pattern),677001,012/217,Common
ASC,ME: Ascended Heroes,Pokemon,Beautifly - 013/217 (Energy Symbol Pattern),677002,013/217,Uncommon
ASC,ME: Ascended Heroes,Pokemon,Cascoon (Energy Symbol Pattern),677003,014/217,Common
ASC,ME: Ascended Heroes,Pokemon,Dustox - 015/217 (Energy Symbol Pattern),677004,015/217,Uncommon
ASC,ME: Ascended Heroes,Pokemon,Budew - 016/217 (Energy Symbol Pattern),677005,016/217,Common
ASC,ME: Ascended Heroes,Pokemon,Grubbin (Energy Symbol Pattern),677006,017/217,Common
ASC,ME: Ascended Heroes,Pokemon,Team Rocket's Tarountula (Energy Symbol Pattern),677007,018/217,Common
ASC,ME: Ascended Heroes,Pokemon,Team Rocket's Spidops (Energy Symbol Pattern),677008,019/217,Rare
ASC,ME: Ascended Heroes,Pokemon,Charmander (Energy Symbol Pattern),677009,020/217,Common
ASC,ME: Ascended Heroes,Pokemon,Charmeleon (Energy Symbol Pattern),677010,021/217,Uncommon
ASC,ME: Ascended Heroes,Pokemon,Ethan's Slugma (Energy Symbol Pattern),677011,023/217,Common
ASC,ME: Ascended Heroes,Pokemon,Ethan's Magcargo - 024/217 (Energy Symbol Pattern),677012,024/217,Rare
ASC,ME: Ascended Heroes,Pokemon,Entei (Energy Symbol Pattern),677013,025/217,Rare
ASC,ME: Ascended Heroes,Pokemon,Numel - 027/217 (Energy Symbol Pattern),677014,027/217,Common
ASC,ME: Ascended Heroes,Pokemon,Camerupt (Energy Symbol Pattern),677015,028/217,Uncommon
ASC,ME: Ascended Heroes,Pokemon,Tepig (Energy Symbol Pattern),677016,029/217,Common
ASC,ME: Ascended Heroes,Pokemon,Pignite (Energy Symbol Pattern),677017,030/217,Uncommon
ASC,ME: Ascended Heroes,Pokemon,N's Darumaka (Energy Symbol Pattern),677018,032/217,Common
ASC,ME: Ascended Heroes,Pokemon,N's Darmanitan (Energy Symbol Pattern),677019,033/217,Uncommon
ASC,ME: Ascended Heroes,Pokemon,Salandit (Energy Symbol Pattern),677020,034/217,Common
ASC,ME: Ascended Heroes,Pokemon,Salazzle - 035/217 (Energy Symbol Pattern),677021,035/217,Uncommon
ASC,ME: Ascended Heroes,Pokemon,Scorbunny - 036/217 (Energy Symbol Pattern),677022,036/217,Common
ASC,ME: Ascended Heroes,Pokemon,Raboot (Energy Symbol Pattern),677023,037/217,Common
ASC,ME: Ascended Heroes,Pokemon,Psyduck - 039/217 (Energy Symbol Pattern),677024,039/217,Common
ASC,ME: Ascended Heroes,Pokemon,Golduck (Energy Symbol Pattern),677025,040/217,Uncommon
ASC,ME: Ascended Heroes,Pokemon,Totodile (Energy Symbol Pattern),677026,041/217,Common
ASC,ME: Ascended Heroes,Pokemon,Croconaw (Energy Symbol Pattern),677027,042/217,Uncommon
ASC,ME: Ascended Heroes,Pokemon,Sneasel (Energy Symbol Pattern),677028,044/217,Common
ASC,ME: Ascended Heroes,Pokemon,Weavile - 045/217 (Energy Symbol Pattern),677029,045/217,Uncommon
ASC,ME: Ascended Heroes,Pokemon,Snorunt - 046/217 (Energy Symbol Pattern),677030,046/217,Common
ASC,ME: Ascended Heroes,Pokemon,N's Vanillite (Energy Symbol Pattern),677031,049/217,Common
ASC,ME: Ascended Heroes,Pokemon,N's Vanillish (Energy Symbol Pattern),677032,050/217,Common
ASC,ME: Ascended Heroes,Pokemon,N's Vanilluxe (Energy Symbol Pattern),677033,051/217,Uncommon
ASC,ME: Ascended Heroes,Pokemon,Snom (Energy Symbol Pattern),677034,052/217,Common
ASC,ME: Ascended Heroes,Pokemon,Frosmoth (Energy Symbol Pattern),677035,053/217,Uncommon
ASC,ME: Ascended Heroes,Pokemon,Glastrier (Energy Symbol Pattern),677036,054/217,Uncommon
ASC,ME: Ascended Heroes,Pokemon,Pikachu (Energy Symbol Pattern),677037,055/217,Common
ASC,ME: Ascended Heroes,Pokemon,Raichu (Energy Symbol Pattern),677038,056/217,Uncommon
ASC,ME: Ascended Heroes,Pokemon,Tynamo (Energy Symbol Pattern),677039,059/217,Common
ASC,ME: Ascended Heroes,Pokemon,Eelektrik (Energy Symbol Pattern),677040,060/217,Uncommon
ASC,ME: Ascended Heroes,Pokemon,Stunfisk (Energy Symbol Pattern),677041,062/217,Common
ASC,ME: Ascended Heroes,Pokemon,Helioptile (Energy Symbol Pattern),677042,063/217,Common
ASC,ME: Ascended Heroes,Pokemon,Heliolisk - 064/217 (Energy Symbol Pattern),677043,064/217,Uncommon
ASC,ME: Ascended Heroes,Pokemon,Charjabug (Energy Symbol Pattern),677044,065/217,Common
ASC,ME: Ascended Heroes,Pokemon,Vikavolt - 066/217 (Energy Symbol Pattern),677045,066/217,Uncommon
ASC,ME: Ascended Heroes,Pokemon,Tapu Koko (Energy Symbol Pattern),677046,067/217,Rare
ASC,ME: Ascended Heroes,Pokemon,Iono's Tadbulb (Energy Symbol Pattern),677047,069/217,Common
ASC,ME: Ascended Heroes,Pokemon,Iono's Wattrel - 071/217 (Energy Symbol Pattern),677048,071/217,Common
ASC,ME: Ascended Heroes,Pokemon,Iono's Kilowattrel (Energy Symbol Pattern),677049,072/217,Rare
ASC,ME: Ascended Heroes,Pokemon,Clefairy (Energy Symbol Pattern),677050,074/217,Common
ASC,ME: Ascended Heroes,Pokemon,Clefable (Energy Symbol Pattern),677051,075/217,Uncommon
ASC,ME: Ascended Heroes,Pokemon,Team Rocket's Exeggcute (Energy Symbol Pattern),677052,077/217,Common
ASC,ME: Ascended Heroes,Pokemon,Team Rocket's Exeggutor (Energy Symbol Pattern),677053,078/217,Rare
ASC,ME: Ascended Heroes,Pokemon,Togepi (Energy Symbol Pattern),677054,080/217,Common
ASC,ME: Ascended Heroes,Pokemon,Togetic (Energy Symbol Pattern),677055,081/217,Common
ASC,ME: Ascended Heroes,Pokemon,Togekiss - 082/217 (Energy Symbol Pattern),677056,082/217,Rare
ASC,ME: Ascended Heroes,Pokemon,Marill - 083/217 (Energy Symbol Pattern),677057,083/217,Common
ASC,ME: Ascended Heroes,Pokemon,Misdreavus - 085/217 (Energy Symbol Pattern),677058,085/217,Common
ASC,ME: Ascended Heroes,Pokemon,Mismagius (Energy Symbol Pattern),677059,086/217,Rare
ASC,ME: Ascended Heroes,Pokemon,Ralts (Energy Symbol Pattern),677060,087/217,Common
ASC,ME: Ascended Heroes,Pokemon,Kirlia (Energy Symbol Pattern),677061,088/217,Common
ASC,ME: Ascended Heroes,Pokemon,Shuppet (Energy Symbol Pattern),677062,090/217,Common
ASC,ME: Ascended Heroes,Pokemon,Banette - 091/217 (Energy Symbol Pattern),677063,091/217,Uncommon
ASC,ME: Ascended Heroes,Pokemon,Rotom (Energy Symbol Pattern),677064,092/217,Common
ASC,ME: Ascended Heroes,Pokemon,Swirlix (Energy Symbol Pattern),677065,093/217,Common
ASC,ME: Ascended Heroes,Pokemon,Slurpuff - 094/217 (Energy Symbol Pattern),677066,094/217,Uncommon
ASC,ME: Ascended Heroes,Pokemon,Hop's Phantump (Energy Symbol Pattern),677067,095/217,Common
ASC,ME: Ascended Heroes,Pokemon,Hop's Trevenant - 096/217 (Energy Symbol Pattern),677068,096/217,Rare
ASC,ME: Ascended Heroes,Pokemon,Team Rocket's Mimikyu - 097/217 (Energy Symbol Pattern),677069,097/217,Uncommon
ASC,ME: Ascended Heroes,Pokemon,Spectrier (Energy Symbol Pattern),677070,098/217,Rare
ASC,ME: Ascended Heroes,Pokemon,Munkidori (Energy Symbol Pattern),677071,099/217,Rare
ASC,ME: Ascended Heroes,Pokemon,Team Rocket's Diglett (Energy Symbol Pattern),677072,100/217,Common
ASC,ME: Ascended Heroes,Pokemon,Team Rocket's Dugtrio - 101/217 (Energy Symbol Pattern),677073,101/217,Uncommon
ASC,ME: Ascended Heroes,Pokemon,Hitmontop - 102/217 (Energy Symbol Pattern),677074,102/217,Common
ASC,ME: Ascended Heroes,Pokemon,Meditite (Energy Symbol Pattern),677075,103/217,Common
ASC,ME: Ascended Heroes,Pokemon,Medicham - 104/217 (Energy Symbol Pattern),677076,104/217,Common
ASC,ME: Ascended Heroes,Pokemon,Lunatone (Energy Symbol Pattern),677077,105/217,Rare
ASC,ME: Ascended Heroes,Pokemon,Solrock (Energy Symbol Pattern),677078,106/217,Uncommon
ASC,ME: Ascended Heroes,Pokemon,Groudon (Energy Symbol Pattern),677079,108/217,Rare
ASC,ME: Ascended Heroes,Pokemon,Cynthia's Gible (Energy Symbol Pattern),677080,109/217,Common
ASC,ME: Ascended Heroes,Pokemon,Cynthia's Gabite (Energy Symbol Pattern),677081,110/217,Uncommon
ASC,ME: Ascended Heroes,Pokemon,Riolu (Energy Symbol Pattern),677082,112/217,Common
ASC,ME: Ascended Heroes,Pokemon,Pancham (Energy Symbol Pattern),677083,115/217,Common
ASC,ME: Ascended Heroes,Pokemon,Carbink - 117/217 (Energy Symbol Pattern),677084,117/217,Uncommon
ASC,ME: Ascended Heroes,Pokemon,Rolycoly (Energy Symbol Pattern),677085,118/217,Common
ASC,ME: Ascended Heroes,Pokemon,Carkol (Energy Symbol Pattern),677086,119/217,Common
ASC,ME: Ascended Heroes,Pokemon,Coalossal (Energy Symbol Pattern),677087,120/217,Rare
ASC,ME: Ascended Heroes,Pokemon,Okidogi (Energy Symbol Pattern),677088,122/217,Rare
ASC,ME: Ascended Heroes,Pokemon,Gastly (Energy Symbol Pattern),677089,123/217,Common
ASC,ME: Ascended Heroes,Pokemon,Haunter (Energy Symbol Pattern),677090,124/217,Uncommon
ASC,ME: Ascended Heroes,Pokemon,Team Rocket's Murkrow (Energy Symbol Pattern),677091,126/217,Common
ASC,ME: Ascended Heroes,Pokemon,Team Rocket's Honchkrow (Energy Symbol Pattern),677092,127/217,Rare
ASC,ME: Ascended Heroes,Pokemon,Poochyena (Energy Symbol Pattern),677093,128/217,Common
ASC,ME: Ascended Heroes,Pokemon,Mightyena - 129/217 (Energy Symbol Pattern),677094,129/217,Uncommon
ASC,ME: Ascended Heroes,Pokemon,Galarian Zigzagoon (Energy Symbol Pattern),677095,130/217,Common
ASC,ME: Ascended Heroes,Pokemon,Galarian Linoone (Energy Symbol Pattern),677096,131/217,Common
ASC,ME: Ascended Heroes,Pokemon,Galarian Obstagoon - 132/217 (Energy Symbol Pattern),677097,132/217,Uncommon
ASC,ME: Ascended Heroes,Pokemon,Cynthia's Spiritomb - 133/217 (Energy Symbol Pattern),677098,133/217,Uncommon
ASC,ME: Ascended Heroes,Pokemon,Scraggy (Energy Symbol Pattern),677099,134/217,Common
ASC,ME: Ascended Heroes,Pokemon,N's Zorua (Energy Symbol Pattern),677100,136/217,Common
ASC,ME: Ascended Heroes,Pokemon,Vullaby (Energy Symbol Pattern),677101,138/217,Common
ASC,ME: Ascended Heroes,Pokemon,Pangoro (Energy Symbol Pattern),677102,140/217,Uncommon
ASC,ME: Ascended Heroes,Pokemon,Hoopa (Energy Symbol Pattern),677103,141/217,Rare
ASC,ME: Ascended Heroes,Pokemon,Pecharunt (Energy Symbol Pattern),677104,143/217,Rare
ASC,ME: Ascended Heroes,Pokemon,Mawile - 144/217 (Energy Symbol Pattern),677105,144/217,Uncommon
ASC,ME: Ascended Heroes,Pokemon,Pawniard (Energy Symbol Pattern),677106,146/217,Common
ASC,ME: Ascended Heroes,Pokemon,Bisharp (Energy Symbol Pattern),677107,147/217,Common
ASC,ME: Ascended Heroes,Pokemon,Kingambit (Energy Symbol Pattern),677108,148/217,Rare
ASC,ME: Ascended Heroes,Pokemon,Dratini (Energy Symbol Pattern),677109,150/217,Common
ASC,ME: Ascended Heroes,Pokemon,Dragonair (Energy Symbol Pattern),677110,151/217,Uncommon
ASC,ME: Ascended Heroes,Pokemon,Rayquaza (Energy Symbol Pattern),677111,153/217,Rare
ASC,ME: Ascended Heroes,Pokemon,N's Reshiram (Energy Symbol Pattern),677112,154/217,Rare
ASC,ME: Ascended Heroes,Pokemon,N's Zekrom (Energy Symbol Pattern),677113,155/217,Rare
ASC,ME: Ascended Heroes,Pokemon,Noibat (Energy Symbol Pattern),677114,156/217,Common
ASC,ME: Ascended Heroes,Pokemon,Noivern (Energy Symbol Pattern),677115,157/217,Uncommon
ASC,ME: Ascended Heroes,Pokemon,Dreepy - 158/217 (Energy Symbol Pattern),677116,158/217,Common
ASC,ME: Ascended Heroes,Pokemon,Drakloak - 159/217 (Energy Symbol Pattern),677117,159/217,Common
ASC,ME: Ascended Heroes,Pokemon,Team Rocket's Meowth (Energy Symbol Pattern),677118,161/217,Common
ASC,ME: Ascended Heroes,Pokemon,Larry's Dunsparce (Energy Symbol Pattern),677119,163/217,Common
ASC,ME: Ascended Heroes,Pokemon,Skitty (Energy Symbol Pattern),677120,165/217,Common
ASC,ME: Ascended Heroes,Pokemon,Delcatty (Energy Symbol Pattern),677121,166/217,Uncommon
ASC,ME: Ascended Heroes,Pokemon,Larry's Starly (Energy Symbol Pattern),677122,168/217,Common
ASC,ME: Ascended Heroes,Pokemon,Larry's Staravia (Energy Symbol Pattern),677123,169/217,Uncommon
ASC,ME: Ascended Heroes,Pokemon,Larry's Staraptor - 170/217 (Energy Symbol Pattern),677124,170/217,Rare
ASC,ME: Ascended Heroes,Pokemon,Fan Rotom - 171/217 (Energy Symbol Pattern),677125,171/217,Common
ASC,ME: Ascended Heroes,Pokemon,Larry's Rufflet (Energy Symbol Pattern),677126,173/217,Common
ASC,ME: Ascended Heroes,Pokemon,Larry's Braviary (Energy Symbol Pattern),677127,174/217,Uncommon
ASC,ME: Ascended Heroes,Pokemon,Larry's Komala (Energy Symbol Pattern),677128,175/217,Common
ASC,ME: Ascended Heroes,Pokemon,Drampa (Energy Symbol Pattern),677129,176/217,Uncommon
ASC,ME: Ascended Heroes,Pokemon,Hop's Cramorant (Energy Symbol Pattern),677130,177/217,Uncommon
ASC,ME: Ascended Heroes,Pokemon,Terapagos (Energy Symbol Pattern),677131,178/217,Rare
ASC,ME: Ascended Heroes,Pokemon,Code Card - Ascended Heroes Booster Pack,677186,,Code Card
ASC,ME: Ascended Heroes,Pokemon,Ascended Heroes Mini Tin Display,679556,,sealed
ASC,ME: Ascended Heroes,Pokemon,Ascended Heroes Elite Trainer Box Case,679558,,sealed
ASC,ME: Ascended Heroes,Pokemon,Mega Evolution: Ascended Heroes Tech Sticker Collection Case,681333,,sealed
ASC,ME: Ascended Heroes,Pokemon,Ascended Heroes Booster Bundle Case,681339,,sealed
ASC,ME: Ascended Heroes,Pokemon,Code Card - Ascended Heroes Elite Trainer Box digital bundle,681582,,Code Card
ASC,ME: Ascended Heroes,Pokemon,Code Card - Ascended Heroes Pokemon Center Elite Trainer Box digital bundle,681583,,Code Card
ASC,ME: Ascended Heroes,Pokemon,Premium Poster Collection Case,685000,,sealed
ASC,ME: Ascended Heroes,Pokemon,Mega Evolution: Ascended Heroes Collection case,685195,,sealed
ASC,ME: Ascended Heroes,Pokemon,Code Card - Premium Poster Collection: Mega Gardevoir,687678,,Code Card
ASC,ME: Ascended Heroes,Pokemon,Code Card - Premium Poster Collection: Mega Lucario,687679,,Code Card
ASC,ME: Ascended Heroes,Pokemon,Ascended Heroes Mini Tin Display Case,689031,,sealed
